<?xml version="1.0" encoding="UTF-8" ?>
<!DOCTYPE mapper
PUBLIC "-//mybatis.org//DTD Mapper 3.0//EN"
"http://mybatis.org/dtd/mybatis-3-mapper.dtd">
<mapper namespace="myhome">

 	<select id="memberSelectOne" parameterType="java.lang.String" resultType="vo.MemberVO">
		select * from member where id = #{id}
	</select>
	
	<select id="memberSelectID" parameterType="java.lang.String" resultType="java.lang.String">
		select id from member where id = #{id}
	</select>
	
	<insert id="memberInsert" parameterType="vo.MemberVO">
		insert into member values(seq_mem.nextval, #{id}, #{password}, #{name}, #{email}, #{tel1}, #{tel2}, #{tel3})
	</insert>
	
	<update id="memberUpdate" parameterType="vo.MemberVO">
		update member set email = #{email} , tel1 = #{tel1}, tel2 = #{tel2}, tel3 = #{tel3} where id = #{id}
	</update>
	
	<delete id="memberDelete" parameterType="vo.MemberVO">
		delete from member where id = #{id}
	</delete>
	
</mapper>












