<?xml version="1.0" encoding="UTF-8"?>
<beans xmlns="http://www.springframework.org/schema/beans"
	xmlns:xsi="http://www.w3.org/2001/XMLSchema-instance"
	xsi:schemaLocation="http://www.springframework.org/schema/beans https://www.springframework.org/schema/beans/spring-beans.xsd">
	
	<!-- Root Context: defines shared resources visible to all other web components -->
	
	<bean id="memberService" class="service.MemberService">
		<property name="memberDAO" ref="memberDAO"/>
	</bean>
	
	<bean id="boardService" class="service.BoardService">
		<property name="boardDAO" ref="boardDAO"/>
	</bean>
	
	<bean id="commentService" class="service.CommentService">
		<property name="commentDAO" ref="commentDAO"/>
	</bean>
</beans>
