<?xml version="1.0" encoding="UTF-8"?>
<beans xmlns="http://www.springframework.org/schema/beans"
	xmlns:xsi="http://www.w3.org/2001/XMLSchema-instance"
	xsi:schemaLocation="http://www.springframework.org/schema/beans https://www.springframework.org/schema/beans/spring-beans.xsd">
	
	<!-- Root Context: defines shared resources visible to all other web components -->
	<bean id="memberDAO" class="dao.MemberDAO">
		<property name="sqlSession" ref="sqlSession"/>
	</bean>
	
	<bean id="boardDAO" class="dao.BoardDAO">
		<property name="sqlSession" ref="sqlSession"/>
	</bean>
	
	<bean id="commentDAO" class="dao.CommentDAO">
		<property name="sqlSession" ref="sqlSession"/>
	</bean>
</beans>
