<?xml version="1.0" encoding="UTF-8"?>
<!DOCTYPE configuration PUBLIC "-//mybatis.org//DTD Config 3.0//EN" "HTTP://mybatis.org/dtd/mybatis-3-config.dtd">

<configuration>
		<!-- https://mybatis.org/mybatis-3/ko/configuration.html -->
        <settings>
                <setting name="cacheEnabled" value="false" />
                <setting name="useGeneratedKeys" value="true" />
                <setting name="defaultExecutorType" value="REUSE" />
        </settings>
   
        <mappers>
        	<mapper resource="config/mybatis/mapper/myhome.xml"/>
        	<mapper resource="config/mybatis/mapper/board.xml"/>
        	<mapper resource="config/mybatis/mapper/comment.xml"/>
        </mappers>
</configuration>