<?xml version="1.0" encoding="UTF-8"?>
<!DOCTYPE configuration PUBLIC "-//mybatis.org//DTD Config 3.0//EN" "HTTP://mybatis.org/dtd/mybatis-3-config.dtd">

<configuration>
		<!-- https://mybatis.org/mybatis-3/ko/configuration.html -->
        <settings>
                <setting name="cacheEnabled" value="false" />
                <setting name="useGeneratedKeys" value="true" />
                <setting name="defaultExecutorType" value="REUSE" />
        </settings>
        
        <typeAliases>
                <typeAlias type="vo.VisitVO" alias="visit"/>
        </typeAliases>
        
        <mappers>
        	<mapper resource="config/mybatis/mapper/visit.xml"/>
                <!-- <mapper resource="config/mybatis/mapper/board_select.xml" />
                <mapper resource="config/mybatis/mapper/board_insert.xml" />
                <mapper resource="config/mybatis/mapper/board_update.xml" />
                <mapper resource="config/mybatis/mapper/board_delete.xml" /> -->
        </mappers>
</configuration>